Ref,Val,Package,PosX,PosY,Rot,Side
"BT1","Battery_Cell","WAGO_2060-452_998-404",81.280000,-105.410000,-82.000000,top
"BT2","Battery_Cell","WAGO_2060-452_998-404",217.170000,-105.410000,-98.000000,top
"D_L_0_0","D_Small","Diode_SOD123",121.920000,-54.610000,-90.000000,top
"D_L_0_1","D_Small","Diode_SOD123",119.380000,-54.610000,-90.000000,top
"D_L_0_2","D_Small","Diode_SOD123",116.840000,-54.610000,-90.000000,top
"D_L_0_3","D_Small","Diode_SOD123",121.932251,-92.710000,-90.000000,top
"D_L_1_0","D_Small","Diode_SOD123",121.920000,-62.230000,-90.000000,top
"D_L_1_1","D_Small","Diode_SOD123",119.380000,-62.230000,-90.000000,top
"D_L_1_2","D_Small","Diode_SOD123",116.840000,-62.230000,-90.000000,top
"D_L_1_3","D_Small","Diode_SOD123",119.392251,-92.710000,-90.000000,top
"D_L_2_0","D_Small","Diode_SOD123",121.920000,-69.850000,-90.000000,top
"D_L_2_1","D_Small","Diode_SOD123",119.380000,-69.850000,-90.000000,top
"D_L_2_2","D_Small","Diode_SOD123",116.840000,-69.850000,-90.000000,top
"D_L_2_3","D_Small","Diode_SOD123",116.852251,-92.710000,-90.000000,top
"D_L_3_0","D_Small","Diode_SOD123",121.920000,-77.470000,-90.000000,top
"D_L_3_1","D_Small","Diode_SOD123",119.380000,-77.470000,-90.000000,top
"D_L_3_2","D_Small","Diode_SOD123",116.840000,-77.470000,-90.000000,top
"D_L_4_0","D_Small","Diode_SOD123",121.920000,-85.090000,-90.000000,top
"D_L_4_1","D_Small","Diode_SOD123",119.380000,-85.090000,-90.000000,top
"D_L_4_2","D_Small","Diode_SOD123",116.840000,-85.090000,-90.000000,top
"D_R_0_0","D_Small","Diode_SOD123",176.530000,-54.610000,-90.000000,top
"D_R_0_1","D_Small","Diode_SOD123",179.070000,-54.610000,-90.000000,top
"D_R_0_2","D_Small","Diode_SOD123",181.610000,-54.610000,-90.000000,top
"D_R_0_3","D_Small","Diode_SOD123",176.530000,-92.710000,-90.000000,top
"D_R_1_0","D_Small","Diode_SOD123",176.530000,-62.230000,-90.000000,top
"D_R_1_1","D_Small","Diode_SOD123",179.070000,-62.230000,-90.000000,top
"D_R_1_2","D_Small","Diode_SOD123",181.610000,-62.230000,-90.000000,top
"D_R_1_3","D_Small","Diode_SOD123",179.070000,-92.710000,-90.000000,top
"D_R_2_0","D_Small","Diode_SOD123",176.530000,-69.850000,-90.000000,top
"D_R_2_1","D_Small","Diode_SOD123",179.070000,-69.850000,-90.000000,top
"D_R_2_2","D_Small","Diode_SOD123",181.610000,-69.850000,-90.000000,top
"D_R_2_3","D_Small","Diode_SOD123",181.610000,-92.710000,-90.000000,top
"D_R_3_0","D_Small","Diode_SOD123",176.530000,-77.470000,-90.000000,top
"D_R_3_1","D_Small","Diode_SOD123",179.070000,-77.470000,-90.000000,top
"D_R_3_2","D_Small","Diode_SOD123",181.610000,-77.470000,-90.000000,top
"D_R_4_0","D_Small","Diode_SOD123",176.530000,-85.090000,-90.000000,top
"D_R_4_1","D_Small","Diode_SOD123",179.070000,-85.090000,-90.000000,top
"D_R_4_2","D_Small","Diode_SOD123",181.610000,-85.090000,-90.000000,top
"SW1","SW_Push","PushSwitch",46.355000,-36.830000,0.000000,top
"SW2","SW_SPDT","MSK12C02",89.173218,-36.409007,-106.000000,top
"SW3","SW_Push","PushSwitch",252.095000,-36.830000,0.000000,top
"SW4","SW_SPDT","MSK12C02",216.091561,-34.307272,-74.000000,top
"SW_L_0_0","Cherry_MX_ULP_SK6812_151","Cherry_MX_ULP",103.886000,-50.868800,0.000000,top
"SW_L_0_1","Cherry_MX_ULP_SK6812_151","Cherry_MX_ULP",103.886000,-67.868800,0.000000,top
"SW_L_0_2","Cherry_MX_ULP_SK6812_151","Cherry_MX_ULP",103.886000,-84.868800,0.000000,top
"SW_L_0_3","Cherry_MX_ULP_SK6812_151","Cherry_MX_ULP",135.898600,-110.362200,-24.000000,top
"SW_L_1_0","Cherry_MX_ULP_SK6812_151","Cherry_MX_ULP",85.886000,-48.868800,0.000000,top
"SW_L_1_1","Cherry_MX_ULP_SK6812_151","Cherry_MX_ULP",85.886000,-65.868800,0.000000,top
"SW_L_1_2","Cherry_MX_ULP_SK6812_151","Cherry_MX_ULP",85.886000,-82.868800,0.000000,top
"SW_L_1_3","Cherry_MX_ULP_SK6812_151","Cherry_MX_ULP",116.366000,-104.748800,-8.000000,top
"SW_L_2_0","Cherry_MX_ULP_SK6812_151","Cherry_MX_ULP",67.886000,-40.868800,0.000000,top
"SW_L_2_1","Cherry_MX_ULP_SK6812_151","Cherry_MX_ULP",67.886000,-57.868800,0.000000,top
"SW_L_2_2","Cherry_MX_ULP_SK6812_151","Cherry_MX_ULP",67.886000,-74.868800,0.000000,top
"SW_L_2_3","Cherry_MX_ULP_SK6812_151","Cherry_MX_ULP",96.046000,-104.748800,8.000000,top
"SW_L_3_0","Cherry_MX_ULP_SK6812_151","Cherry_MX_ULP",49.886000,-47.868800,0.000000,top
"SW_L_3_1","Cherry_MX_ULP_SK6812_151","Cherry_MX_ULP",49.886000,-64.868800,0.000000,top
"SW_L_3_2","Cherry_MX_ULP_SK6812_151","Cherry_MX_ULP",49.886000,-81.868800,0.000000,top
"SW_L_4_0","Cherry_MX_ULP_SK6812_151","Cherry_MX_ULP",31.886000,-60.868800,0.000000,top
"SW_L_4_1","Cherry_MX_ULP_SK6812_151","Cherry_MX_ULP",31.886000,-77.868800,0.000000,top
"SW_L_4_2","Cherry_MX_ULP_SK6812_151","Cherry_MX_ULP",31.886000,-94.868800,0.000000,top
"SW_R_0_0","Cherry_MX_ULP_SK6812_151","Cherry_MX_ULP",194.557753,-50.868800,0.000000,top
"SW_R_0_1","Cherry_MX_ULP_SK6812_151","Cherry_MX_ULP",194.557753,-67.868800,0.000000,top
"SW_R_0_2","Cherry_MX_ULP_SK6812_151","Cherry_MX_ULP",194.557753,-84.868800,0.000000,top
"SW_R_0_3","Cherry_MX_ULP_SK6812_151","Cherry_MX_ULP",162.560000,-110.362000,24.000000,top
"SW_R_1_0","Cherry_MX_ULP_SK6812_151","Cherry_MX_ULP",212.551506,-48.868847,0.000000,top
"SW_R_1_1","Cherry_MX_ULP_SK6812_151","Cherry_MX_ULP",212.551506,-65.868847,0.000000,top
"SW_R_1_2","Cherry_MX_ULP_SK6812_151","Cherry_MX_ULP",212.551506,-82.868847,0.000000,top
"SW_R_1_3","Cherry_MX_ULP_SK6812_151","Cherry_MX_ULP",182.245000,-104.749000,8.000000,top
"SW_R_2_0","Cherry_MX_ULP_SK6812_151","Cherry_MX_ULP",230.557753,-40.868800,0.000000,top
"SW_R_2_1","Cherry_MX_ULP_SK6812_151","Cherry_MX_ULP",230.557753,-57.868800,0.000000,top
"SW_R_2_2","Cherry_MX_ULP_SK6812_151","Cherry_MX_ULP",230.557753,-74.868800,0.000000,top
"SW_R_2_3","Cherry_MX_ULP_SK6812_151","Cherry_MX_ULP",202.565000,-104.749000,-8.000000,top
"SW_R_3_0","Cherry_MX_ULP_SK6812_151","Cherry_MX_ULP",248.557753,-47.868800,0.000000,top
"SW_R_3_1","Cherry_MX_ULP_SK6812_151","Cherry_MX_ULP",248.557753,-64.868800,0.000000,top
"SW_R_3_2","Cherry_MX_ULP_SK6812_151","Cherry_MX_ULP",248.557753,-81.868800,0.000000,top
"SW_R_4_0","Cherry_MX_ULP_SK6812_151","Cherry_MX_ULP",266.557753,-60.868800,0.000000,top
"SW_R_4_1","Cherry_MX_ULP_SK6812_151","Cherry_MX_ULP",266.557753,-77.868800,0.000000,top
"SW_R_4_2","Cherry_MX_ULP_SK6812_151","Cherry_MX_ULP",266.557753,-94.868800,0.000000,top
"U1","xiao-ble","xiao-ble-smd",30.480000,-42.545000,90.000000,top
"U2","xiao-ble","xiao-ble-smd",267.970000,-42.545000,-90.000000,top
